{
	"info": {
		"_postman_id": "0531a42c-7c4f-40f7-a0bc-baeafa0ee581",
		"name": "DSCommerce Cap05",
		"schema": "https://schema.getpostman.com/json/collection/v2.1.0/collection.json",
		"_exporter_id": "1242165",
		"_collection_link": "https://www.postman.com/devsuperior-oficial/workspace/fdm/collection/1242165-0531a42c-7c4f-40f7-a0bc-baeafa0ee581?action=share&creator=1242165&source=collection_link"
	},
	"item": [
		{
			"name": "Auth",
			"item": [
				{
					"name": "Login",
					"event": [
						{
							"listen": "test",
							"script": {
								"exec": [
									"if (responseCode.code >= 200 && responseCode.code < 300) {\r",
									"   var json = JSON.parse(responseBody);\r",
									"   postman.setEnvironmentVariable('token', json.access_token);\r",
									"} "
								],
								"type": "text/javascript"
							}
						}
					],
					"request": {
						"auth": {
							"type": "basic",
							"basic": [
								{
									"key": "username",
									"value": "{{client-id}}",
									"type": "string"
								},
								{
									"key": "password",
									"value": "{{client-secret}}",
									"type": "string"
								},
								{
									"key": "showPassword",
									"value": false,
									"type": "boolean"
								}
							]
						},
						"method": "POST",
						"header": [],
						"body": {
							"mode": "urlencoded",
							"urlencoded": [
								{
									"key": "username",
									"value": "{{username}}",
									"type": "text"
								},
								{
									"key": "password",
									"value": "{{password}}",
									"type": "text"
								},
								{
									"key": "grant_type",
									"value": "password",
									"type": "text"
								}
							]
						},
						"url": {
							"raw": "{{host}}/oauth2/token",
							"host": [
								"{{host}}"
							],
							"path": [
								"oauth2",
								"token"
							]
						}
					},
					"response": []
				}
			]
		},
		{
			"name": "Categories",
			"item": [
				{
					"name": "All categories",
					"request": {
						"method": "GET",
						"header": [],
						"url": {
							"raw": "http://localhost:8080/categories",
							"protocol": "http",
							"host": [
								"localhost"
							],
							"port": "8080",
							"path": [
								"categories"
							]
						}
					},
					"response": []
				}
			]
		},
		{
			"name": "Order",
			"item": [
				{
					"name": "Order by id",
					"request": {
						"auth": {
							"type": "bearer",
							"bearer": [
								{
									"key": "token",
									"value": "{{token}}",
									"type": "string"
								}
							]
						},
						"method": "GET",
						"header": [
							{
								"key": "Origin",
								"value": "http://localhost:3001",
								"type": "text",
								"disabled": true
							}
						],
						"url": {
							"raw": "{{host}}/orders/1",
							"host": [
								"{{host}}"
							],
							"path": [
								"orders",
								"1"
							]
						}
					},
					"response": []
				},
				{
					"name": "New order",
					"request": {
						"auth": {
							"type": "bearer",
							"bearer": [
								{
									"key": "token",
									"value": "{{token}}",
									"type": "string"
								}
							]
						},
						"method": "POST",
						"header": [
							{
								"key": "Origin",
								"value": "http://localhost:3001",
								"type": "text",
								"disabled": true
							}
						],
						"body": {
							"mode": "raw",
							"raw": "{\r\n    \"items\": [\r\n        {\r\n            \"productId\": 1,\r\n            \"quantity\": 2\r\n        },\r\n        {\r\n            \"productId\": 5,\r\n            \"quantity\": 1\r\n        }\r\n    ]\r\n}\r\n",
							"options": {
								"raw": {
									"language": "json"
								}
							}
						},
						"url": {
							"raw": "{{host}}/orders",
							"host": [
								"{{host}}"
							],
							"path": [
								"orders"
							]
						}
					},
					"response": []
				}
			]
		},
		{
			"name": "Product",
			"item": [
				{
					"name": "Product by id",
					"request": {
						"method": "GET",
						"header": [
							{
								"key": "Origin",
								"value": "http://localhost:3001",
								"type": "text",
								"disabled": true
							}
						],
						"url": {
							"raw": "{{host}}/products/2",
							"host": [
								"{{host}}"
							],
							"path": [
								"products",
								"2"
							]
						}
					},
					"response": []
				},
				{
					"name": "Products",
					"request": {
						"method": "GET",
						"header": [
							{
								"key": "Origin",
								"value": "https://meuapp.netlify.app",
								"type": "text",
								"disabled": true
							}
						],
						"url": {
							"raw": "{{host}}/products?size=12&page=0&sort=name&name=",
							"host": [
								"{{host}}"
							],
							"path": [
								"products"
							],
							"query": [
								{
									"key": "size",
									"value": "12"
								},
								{
									"key": "page",
									"value": "0"
								},
								{
									"key": "sort",
									"value": "name"
								},
								{
									"key": "name",
									"value": ""
								}
							]
						}
					},
					"response": []
				},
				{
					"name": "New product",
					"request": {
						"auth": {
							"type": "bearer",
							"bearer": [
								{
									"key": "token",
									"value": "{{token}}",
									"type": "string"
								}
							]
						},
						"method": "POST",
						"header": [],
						"body": {
							"mode": "raw",
							"raw": "{\r\n    \"name\": \"Meu produto\",\r\n    \"description\": \"Lorem ipsum, dolor sit amet consectetur adipisicing elit. Qui ad, adipisci illum ipsam velit et odit eaque reprehenderit ex maxime delectus dolore labore, quisquam quae tempora natus esse aliquam veniam doloremque quam minima culpa alias maiores commodi. Perferendis enim\",\r\n    \"imgUrl\": \"https://raw.githubusercontent.com/devsuperior/dscatalog-resources/master/backend/img/1-big.jpg\",\r\n    \"price\": 50.0,\r\n    \"categories\": [\r\n        {\r\n            \"id\": 2\r\n        },\r\n        {\r\n            \"id\": 3\r\n        }\r\n    ]\r\n}\r\n",
							"options": {
								"raw": {
									"language": "json"
								}
							}
						},
						"url": {
							"raw": "{{host}}/products",
							"host": [
								"{{host}}"
							],
							"path": [
								"products"
							]
						}
					},
					"response": []
				},
				{
					"name": "Product",
					"request": {
						"auth": {
							"type": "bearer",
							"bearer": [
								{
									"key": "token",
									"value": "{{token}}",
									"type": "string"
								}
							]
						},
						"method": "PUT",
						"header": [],
						"body": {
							"mode": "raw",
							"raw": "{\r\n    \"name\": \"Produto atualizado\",\r\n    \"description\": \"Lorem ipsum, dolor sit amet consectetur adipisicing elit. Qui ad, adipisci illum ipsam velit et odit eaque reprehenderit ex maxime delectus dolore labore, quisquam quae tempora natus esse aliquam veniam doloremque quam minima culpa alias maiores commodi. Perferendis enim\",\r\n    \"imgUrl\": \"https://raw.githubusercontent.com/devsuperior/dscatalog-resources/master/backend/img/1-big.jpg\",\r\n    \"price\": 200.0,\r\n    \"categories\": [\r\n        {\r\n            \"id\": 2\r\n        },\r\n        {\r\n            \"id\": 3\r\n        }\r\n    ]\r\n}",
							"options": {
								"raw": {
									"language": "json"
								}
							}
						},
						"url": {
							"raw": "{{host}}/products/1",
							"host": [
								"{{host}}"
							],
							"path": [
								"products",
								"1"
							]
						}
					},
					"response": []
				},
				{
					"name": "Product by id",
					"request": {
						"auth": {
							"type": "bearer",
							"bearer": [
								{
									"key": "token",
									"value": "{{token}}",
									"type": "string"
								}
							]
						},
						"method": "DELETE",
						"header": [],
						"url": {
							"raw": "{{host}}/products/3",
							"host": [
								"{{host}}"
							],
							"path": [
								"products",
								"3"
							]
						}
					},
					"response": []
				}
			]
		},
		{
			"name": "User",
			"item": [
				{
					"name": "User logged",
					"request": {
						"auth": {
							"type": "bearer",
							"bearer": [
								{
									"key": "token",
									"value": "{{token}}",
									"type": "string"
								}
							]
						},
						"method": "GET",
						"header": [],
						"url": {
							"raw": "{{host}}/users/me",
							"host": [
								"{{host}}"
							],
							"path": [
								"users",
								"me"
							]
						}
					},
					"response": []
				}
			]
		}
	]
}