{
	"id": "605f2575-f70d-4c30-ba65-f1a69203796e",
	"name": "DSCommerce env",
	"values": [
		{
			"key": "host",
			"value": "http://localhost:8080",
			"type": "default",
			"enabled": true
		},
		{
			"key": "client-id",
			"value": "myclientid",
			"type": "default",
			"enabled": true
		},
		{
			"key": "client-secret",
			"value": "myclientsecret",
			"type": "default",
			"enabled": true
		},
		{
			"key": "username",
			"value": "maria@gmail.com",
			"type": "default",
			"enabled": true
		},
		{
			"key": "password",
			"value": "123456",
			"type": "default",
			"enabled": true
		},
		{
			"key": "token",
			"value": "",
			"type": "default",
			"enabled": true
		}
	],
	"_postman_variable_scope": "environment",
	"_postman_exported_at": "2023-05-22T02:47:27.639Z",
	"_postman_exported_using": "Postman/10.14.4"
}