{
	"info": {
		"_postman_id": "25584587-c020-4fb5-bec1-49a492be790a",
		"name": "DSCommerce Cap03",
		"schema": "https://schema.getpostman.com/json/collection/v2.1.0/collection.json",
		"_exporter_id": "1242165",
		"_collection_link": "https://www.postman.com/devsuperior-oficial/workspace/fdm/collection/1242165-25584587-c020-4fb5-bec1-49a492be790a?action=share&creator=1242165&source=collection_link"
	},
	"item": [
		{
			"name": "Product by id",
			"request": {
				"method": "GET",
				"header": [
					{
						"key": "Origin",
						"value": "http://localhost:3001",
						"type": "text",
						"disabled": true
					}
				],
				"url": {
					"raw": "http://localhost:8080/products/2",
					"protocol": "http",
					"host": [
						"localhost"
					],
					"port": "8080",
					"path": [
						"products",
						"2"
					]
				}
			},
			"response": []
		},
		{
			"name": "Products",
			"request": {
				"method": "GET",
				"header": [
					{
						"key": "Origin",
						"value": "https://meuapp.netlify.app",
						"type": "text",
						"disabled": true
					}
				],
				"url": {
					"raw": "http://localhost:8080/products?size=12&page=0&sort=name,desc",
					"protocol": "http",
					"host": [
						"localhost"
					],
					"port": "8080",
					"path": [
						"products"
					],
					"query": [
						{
							"key": "size",
							"value": "12"
						},
						{
							"key": "page",
							"value": "0"
						},
						{
							"key": "sort",
							"value": "name,desc"
						}
					]
				}
			},
			"response": []
		},
		{
			"name": "New product",
			"request": {
				"auth": {
					"type": "bearer",
					"bearer": [
						{
							"key": "token",
							"value": "{{token}}",
							"type": "string"
						}
					]
				},
				"method": "POST",
				"header": [],
				"body": {
					"mode": "raw",
					"raw": "{\r\n    \"name\": \"Meu produto\",\r\n    \"description\": \"Lorem ipsum, dolor sit amet consectetur adipisicing elit. Qui ad, adipisci illum ipsam velit et odit eaque reprehenderit ex maxime delectus dolore labore, quisquam quae tempora natus esse aliquam veniam doloremque quam minima culpa alias maiores commodi. Perferendis enim\",\r\n    \"imgUrl\": \"https://raw.githubusercontent.com/devsuperior/dscatalog-resources/master/backend/img/1-big.jpg\",\r\n    \"price\": 50\r\n}\r\n",
					"options": {
						"raw": {
							"language": "json"
						}
					}
				},
				"url": {
					"raw": "http://localhost:8080/products",
					"protocol": "http",
					"host": [
						"localhost"
					],
					"port": "8080",
					"path": [
						"products"
					]
				}
			},
			"response": []
		},
		{
			"name": "Product",
			"request": {
				"auth": {
					"type": "bearer",
					"bearer": [
						{
							"key": "token",
							"value": "{{token}}",
							"type": "string"
						}
					]
				},
				"method": "PUT",
				"header": [],
				"body": {
					"mode": "raw",
					"raw": "{\r\n    \"name\": \"Produto atualizado\",\r\n    \"description\": \"Lorem ipsum, dolor sit amet consectetur adipisicing elit. Qui ad, adipisci illum ipsam velit et odit eaque reprehenderit ex maxime delectus dolore labore, quisquam quae tempora natus esse aliquam veniam doloremque quam minima culpa alias maiores commodi. Perferendis enim\",\r\n    \"imgUrl\": \"https://raw.githubusercontent.com/devsuperior/dscatalog-resources/master/backend/img/1-big.jpg\",\r\n    \"price\": 200.0\r\n}",
					"options": {
						"raw": {
							"language": "json"
						}
					}
				},
				"url": {
					"raw": "http://localhost:8080/products/1",
					"protocol": "http",
					"host": [
						"localhost"
					],
					"port": "8080",
					"path": [
						"products",
						"1"
					]
				}
			},
			"response": []
		},
		{
			"name": "Product by id",
			"request": {
				"auth": {
					"type": "bearer",
					"bearer": [
						{
							"key": "token",
							"value": "{{token}}",
							"type": "string"
						}
					]
				},
				"method": "DELETE",
				"header": [],
				"url": {
					"raw": "http://localhost:8080/products/10",
					"protocol": "http",
					"host": [
						"localhost"
					],
					"port": "8080",
					"path": [
						"products",
						"10"
					]
				}
			},
			"response": []
		}
	]
}